"","libcon7","fracking"
"1",3,2
"2",2,3
"3",2,3
"4",3,1
"5",2,2
"6",3,3
"7",2,2
"8",2,3
"9",3,3
"10",3,3
"11",3,2
"12",2,3
"13",3,3
"14",3,2
"15",2,3
"16",2,3
"17",2,2
"18",2,3
"19",2,3
"20",3,2
"21",2,3
"22",3,2
"23",2,3
"24",2,3
"25",2,3
"26",3,3
"27",2,3
"28",2,3
"29",2,2
"30",3,3
"31",3,2
"32",2,3
"33",1,3
"34",3,2
"35",2,3
"36",2,3
"37",3,1
"38",2,2
"39",2,3
"40",3,3
"41",2,3
"42",3,3
"43",2,3
"44",2,3
"45",3,3
"46",2,3
"47",3,2
"48",3,3
"49",3,2
"50",2,3
"51",3,3
"52",1,2
"53",3,3
"54",2,2
"55",3,2
"56",3,3
"57",2,3
"58",3,3
"59",3,2
"60",3,3
"61",3,2
"62",2,2
"63",3,2
"64",3,2
"65",1,3
"66",3,3
"67",2,2
"68",3,3
"69",2,3
"70",3,3
"71",1,3
"72",2,3
"73",2,3
"74",2,2
"75",3,1
"76",2,3
"77",2,3
"78",1,3
"79",1,3
"80",3,3
"81",3,2
"82",3,2
"83",1,3
"84",1,3
"85",3,1
"86",2,2
"87",1,3
"88",1,3
"89",3,2
"90",2,2
"91",3,3
"92",2,2
"93",2,3
"94",3,2
"95",2,1
"96",2,3
"97",3,2
"98",2,3
"99",1,3
"100",3,2
"101",3,2
"102",2,1
"103",2,3
"104",3,2
"105",2,2
"106",3,2
"107",2,3
"108",2,3
"109",3,2
"110",3,3
"111",3,1
"112",3,2
"113",3,2
"114",3,2
"115",3,2
"116",3,3
"117",2,2
"118",3,3
"119",2,3
"120",3,3
"121",3,1
"122",3,2
"123",2,2
"124",1,3
"125",3,3
"126",3,3
"127",2,1
"128",3,1
"129",3,2
"130",3,1
"131",3,2
"132",3,3
"133",3,1
"134",1,3
"135",2,3
"136",3,3
"137",1,3
"138",3,3
"139",3,3
"140",2,3
"141",2,3
"142",3,2
"143",3,3
"144",3,2
"145",3,3
"146",3,2
"147",2,2
"148",2,3
"149",3,2
"150",2,3
"151",3,2
"152",3,2
"153",3,2
"154",3,2
"155",2,3
"156",2,2
"157",2,3
"158",2,3
"159",3,2
"160",3,3
"161",1,2
"162",3,3
"163",2,3
"164",1,3
"165",2,3
"166",1,3
"167",3,1
"168",2,3
"169",2,2
"170",1,3
"171",1,3
"172",3,2
"173",1,3
"174",1,3
"175",2,3
"176",3,3
"177",3,2
"178",3,3
"179",2,2
"180",1,3
"181",3,2
"182",3,2
"183",3,3
"184",2,3
"185",3,3
"186",2,3
"187",3,3
"188",3,3
"189",2,1
"190",2,3
"191",3,2
"192",3,1
"193",2,2
"194",3,1
"195",2,3
"196",3,1
"197",2,3
"198",3,3
"199",2,3
"200",2,2
"201",3,2
"202",2,3
"203",3,3
"204",3,2
"205",3,1
"206",3,2
"207",1,3
"208",2,2
"209",1,3
"210",3,3
"211",2,2
"212",3,3
"213",3,3
"214",1,3
"215",3,3
"216",3,1
"217",3,2
"218",2,2
"219",1,3
"220",3,3
"221",2,3
"222",3,2
"223",3,3
"224",3,2
"225",2,3
"226",3,3
"227",2,3
"228",2,3
"229",2,3
"230",1,3
"231",1,3
"232",3,3
"233",2,3
"234",2,3
"235",2,3
"236",3,2
"237",2,3
"238",3,1
"239",2,3
"240",3,2
"241",3,1
"242",1,3
"243",1,3
"244",2,3
"245",2,3
"246",2,2
"247",3,3
"248",3,2
"249",3,3
"250",1,3
"251",3,3
"252",2,3
"253",3,3
"254",3,2
"255",3,2
"256",3,3
"257",3,3
"258",3,3
"259",3,3
"260",2,3
"261",2,3
"262",3,2
"263",2,2
"264",2,3
"265",1,3
"266",3,3
"267",3,3
"268",3,2
"269",1,3
"270",1,3
"271",3,3
"272",1,3
"273",3,3
"274",3,3
"275",2,2
"276",1,3
"277",3,3
"278",2,2
"279",2,3
"280",1,3
"281",1,3
"282",2,3
"283",3,3
"284",3,2
"285",1,3
"286",3,3
"287",3,3
"288",3,3
"289",2,1
"290",3,3
"291",3,2
"292",3,3
"293",2,3
"294",3,2
"295",3,3
"296",2,2
"297",3,3
"298",1,2
"299",3,3
"300",2,3
"301",1,3
"302",3,3
"303",3,3
"304",2,3
"305",3,2
"306",1,3
"307",2,3
"308",2,3
"309",3,3
"310",3,2
"311",3,3
"312",3,3
"313",3,2
"314",2,3
"315",3,3
"316",3,2
"317",3,2
"318",2,3
"319",3,3
"320",3,2
"321",3,3
"322",3,1
"323",2,3
"324",2,3
"325",1,3
"326",2,3
"327",3,3
"328",3,2
"329",2,3
"330",3,2
"331",2,2
"332",3,3
"333",2,3
"334",2,2
"335",2,3
"336",3,1
"337",1,3
"338",3,2
"339",2,3
"340",2,2
"341",3,1
"342",3,3
"343",3,2
"344",1,2
"345",1,2
"346",2,3
"347",3,3
"348",3,2
"349",3,2
"350",3,3
"351",3,2
"352",3,2
"353",3,2
"354",1,2
"355",2,3
"356",3,2
"357",2,3
"358",2,3
"359",2,3
"360",2,3
"361",2,3
"362",3,2
"363",3,2
"364",2,3
"365",3,3
"366",2,3
"367",2,3
"368",2,3
"369",2,3
"370",3,2
"371",3,3
"372",2,3
"373",2,2
"374",3,3
"375",3,2
"376",2,1
"377",2,3
"378",3,2
"379",3,3
"380",1,3
"381",2,3
"382",3,3
"383",3,3
"384",3,2
"385",3,3
"386",3,3
"387",3,3
"388",2,3
"389",3,2
"390",3,3
"391",2,2
"392",3,2
"393",2,3
"394",2,2
"395",1,3
"396",3,2
"397",3,3
"398",2,3
"399",3,3
"400",1,3
"401",1,3
"402",2,3
"403",3,3
"404",3,2
"405",3,2
"406",2,3
"407",2,3
"408",3,3
"409",3,2
"410",1,3
"411",3,2
"412",3,3
"413",2,2
"414",1,3
"415",3,2
"416",3,1
"417",1,3
"418",1,3
"419",1,3
"420",3,2
"421",2,1
"422",3,3
"423",2,2
"424",2,3
"425",3,1
"426",2,3
"427",2,2
"428",2,1
"429",2,3
"430",1,3
"431",2,3
"432",2,3
"433",3,2
"434",2,3
"435",3,2
"436",2,2
"437",3,3
"438",1,2
"439",3,2
"440",3,3
"441",2,3
"442",1,3
"443",2,3
"444",3,3
"445",2,3
"446",3,1
"447",3,1
"448",2,3
"449",2,3
"450",2,3
"451",3,3
"452",2,3
"453",2,2
"454",2,2
"455",2,2
"456",3,2
"457",3,3
"458",3,3
"459",2,3
"460",3,3
"461",3,2
"462",2,3
"463",2,3
"464",3,2
"465",3,3
"466",3,3
"467",1,3
"468",3,3
"469",3,3
"470",3,3
"471",3,3
"472",2,2
"473",1,3
"474",2,2
"475",2,1
"476",2,3
"477",1,3
"478",3,2
"479",2,3
"480",2,3
"481",1,3
"482",3,2
"483",3,3
"484",3,1
"485",2,2
"486",3,1
"487",3,3
"488",1,3
"489",2,3
"490",3,2
"491",2,3
"492",2,3
"493",1,2
"494",2,3
"495",2,3
"496",3,3
"497",1,3
"498",3,2
"499",3,3
"500",2,2
"501",3,3
"502",2,3
"503",1,2
"504",2,3
"505",2,2
"506",3,3
"507",3,2
"508",3,1
"509",1,3
"510",3,2
"511",3,3
"512",3,3
"513",3,1
"514",2,3
"515",2,3
"516",3,2
"517",3,3
"518",3,3
"519",2,3
"520",2,2
"521",2,2
"522",2,3
"523",3,2
"524",2,3
"525",2,3
"526",3,3
"527",3,2
"528",3,1
"529",2,3
"530",3,3
"531",2,3
"532",3,2
"533",2,3
"534",2,2
"535",2,3
"536",3,3
"537",3,2
"538",2,3
"539",1,2
"540",3,1
"541",3,3
"542",1,3
"543",1,3
"544",3,3
"545",3,3
"546",2,2
"547",1,3
"548",2,3
"549",3,2
"550",1,2
"551",3,3
"552",2,3
"553",2,2
"554",3,2
"555",3,3
"556",3,3
"557",3,3
"558",2,3
"559",2,3
"560",3,1
"561",3,3
"562",1,3
"563",3,2
"564",3,3
"565",3,3
"566",1,3
"567",3,2
"568",3,2
"569",2,3
"570",2,1
"571",2,3
"572",3,3
"573",3,1
"574",1,3
"575",3,2
"576",1,3
"577",3,2
"578",2,3
"579",3,2
"580",3,1
"581",1,3
"582",2,2
"583",3,3
"584",1,3
"585",1,3
"586",3,2
"587",3,3
"588",3,3
"589",2,1
"590",3,3
"591",3,2
"592",2,2
"593",2,1
"594",2,3
"595",3,2
"596",3,2
"597",2,3
"598",2,1
"599",3,3
"600",1,2
"601",3,3
"602",3,1
"603",2,2
"604",2,3
"605",2,3
"606",2,3
"607",3,2
"608",2,2
"609",2,3
"610",3,2
"611",3,2
"612",2,3
"613",3,3
"614",3,3
"615",2,3
"616",3,3
"617",3,1
"618",3,3
"619",1,3
"620",2,3
"621",2,3
"622",3,3
"623",3,3
"624",3,3
"625",2,2
"626",2,2
"627",3,3
"628",3,2
"629",3,3
"630",2,2
"631",2,3
"632",2,2
"633",3,2
"634",3,2
"635",3,1
"636",3,3
"637",1,3
"638",3,1
"639",3,3
"640",2,3
"641",3,3
"642",3,2
"643",3,3
"644",3,2
"645",3,3
"646",1,3
"647",2,3
"648",2,3
"649",3,3
"650",3,3
"651",1,3
"652",3,2
"653",1,2
"654",1,3
"655",3,2
"656",3,2
"657",3,3
"658",3,2
"659",2,3
"660",2,2
"661",3,3
"662",2,3
"663",2,3
"664",2,3
"665",3,3
"666",2,3
"667",3,3
"668",2,3
"669",2,2
"670",3,2
"671",2,2
"672",2,2
"673",3,3
"674",1,3
"675",2,2
"676",2,3
"677",1,3
"678",3,2
"679",2,3
"680",3,2
"681",3,2
"682",3,3
"683",2,3
"684",1,3
"685",2,2
"686",3,3
"687",3,3
"688",3,3
"689",2,3
"690",3,1
"691",3,2
"692",3,2
"693",3,2
"694",3,3
"695",2,3
"696",3,3
"697",3,3
"698",2,2
"699",2,2
"700",2,1
"701",2,3
"702",3,3
"703",3,3
"704",2,3
"705",2,2
"706",3,2
"707",3,3
"708",2,3
"709",2,3
"710",3,2
"711",3,2
"712",3,2
"713",3,1
"714",3,2
"715",3,2
"716",3,2
"717",2,3
"718",2,3
"719",3,3
"720",2,2
"721",3,3
"722",2,3
"723",3,1
"724",3,2
"725",3,2
"726",3,3
"727",2,3
"728",3,1
"729",3,2
"730",3,2
"731",2,2
"732",1,3
"733",3,3
"734",3,2
"735",3,2
"736",3,3
"737",2,3
"738",2,2
"739",3,2
"740",1,3
"741",2,3
"742",3,3
"743",2,3
"744",1,3
"745",3,2
"746",2,3
"747",3,3
"748",3,2
"749",2,3
"750",3,2
"751",2,2
"752",3,2
"753",3,2
"754",3,3
"755",1,3
"756",3,2
"757",1,3
"758",1,2
"759",3,1
"760",3,1
"761",2,3
"762",2,3
"763",2,3
"764",3,3
"765",1,3
"766",3,3
"767",3,2
"768",3,2
"769",3,3
"770",3,3
"771",3,1
"772",3,2
"773",2,3
"774",2,2
"775",2,2
"776",3,3
"777",3,3
"778",3,3
"779",3,2
"780",3,3
"781",3,2
"782",3,3
"783",3,3
"784",3,3
"785",3,3
"786",2,2
"787",2,2
"788",2,3
"789",3,2
"790",3,1
"791",3,3
"792",3,2
"793",3,3
"794",3,3
"795",3,1
"796",2,3
"797",2,3
"798",2,3
"799",2,3
"800",3,3
"801",3,3
"802",2,2
"803",3,2
"804",3,2
"805",3,2
"806",2,2
"807",1,3
"808",2,3
"809",3,2
"810",3,2
"811",3,1
"812",2,3
"813",1,2
"814",2,1
"815",3,2
"816",2,3
"817",3,1
"818",3,3
"819",1,3
"820",2,3
"821",3,2
"822",3,3
"823",3,3
"824",3,3
"825",1,3
"826",2,3
"827",2,3
"828",3,2
"829",1,3
"830",3,1
"831",2,3
"832",3,2
"833",3,2
"834",2,3
"835",2,3
"836",3,2
"837",1,2
"838",3,3
"839",3,3
"840",3,3
"841",3,3
"842",2,3
"843",3,1
"844",2,2
"845",1,2
"846",1,3
"847",3,3
"848",2,3
"849",2,2
"850",3,2
"851",2,2
"852",2,3
"853",3,3
"854",3,2
"855",3,3
"856",3,3
"857",3,2
"858",1,3
"859",1,3
"860",1,3
"861",1,2
"862",2,3
"863",2,1
"864",3,1
"865",3,3
"866",2,3
"867",2,3
"868",3,2
"869",2,3
"870",1,3
"871",2,2
"872",3,3
"873",3,3
"874",2,1
"875",3,2
"876",3,3
"877",2,3
"878",2,3
"879",2,3
"880",3,3
"881",2,3
"882",2,3
"883",1,3
"884",3,1
"885",2,2
"886",3,2
"887",3,3
"888",3,3
"889",2,3
"890",2,3
"891",2,3
"892",2,2
"893",2,3
"894",2,3
"895",1,3
"896",2,2
"897",2,3
"898",3,3
"899",2,3
"900",3,1
"901",3,3
"902",3,2
"903",3,3
"904",3,3
"905",3,2
"906",2,2
"907",3,2
"908",3,2
"909",2,3
"910",2,1
"911",2,2
"912",2,3
"913",3,2
"914",2,2
"915",3,3
"916",1,3
"917",2,3
"918",3,3
"919",3,2
"920",3,2
"921",2,3
"922",3,1
"923",2,1
"924",3,1
"925",3,2
"926",3,1
"927",2,2
"928",1,1
"929",2,2
"930",2,2
"931",2,2
"932",3,1
"933",2,3
"934",2,3
"935",1,3
"936",3,2
"937",3,3
"938",2,2
"939",2,3
"940",3,3
"941",2,3
"942",2,2
"943",1,3
"944",2,3
"945",2,3
"946",2,2
"947",2,2
"948",2,3
"949",3,2
"950",3,2
"951",3,2
"952",3,3
"953",3,3
"954",2,2
"955",2,3
"956",2,2
"957",2,2
"958",2,3
"959",3,1
"960",2,3
"961",3,3
"962",3,2
"963",3,3
"964",3,2
"965",3,1
"966",3,3
"967",2,3
"968",2,2
"969",2,3
"970",3,3
"971",3,3
"972",2,3
"973",3,3
"974",3,2
"975",2,2
"976",3,2
"977",2,3
"978",3,3
"979",3,2
"980",2,2
"981",2,3
"982",2,3
"983",2,2
"984",2,2
"985",1,3
"986",2,3
"987",2,3
"988",2,2
"989",2,2
"990",3,3
"991",2,3
"992",3,3
"993",3,3
"994",2,3
"995",2,3
"996",1,3
"997",3,2
"998",3,3
"999",3,2
"1000",2,3
"1001",3,3
"1002",2,3
"1003",3,2
"1004",3,3
"1005",2,3
"1006",2,3
"1007",2,2
"1008",3,3
"1009",2,3
"1010",3,3
"1011",1,3
"1012",2,1
"1013",3,2
"1014",2,2
"1015",3,1
"1016",2,2
"1017",1,3
"1018",3,2
"1019",3,3
"1020",2,2
"1021",3,2
"1022",3,3
"1023",3,3
"1024",3,2
"1025",3,3
"1026",1,1
"1027",3,1
"1028",3,3
"1029",2,2
"1030",2,2
"1031",1,3
"1032",3,2
"1033",3,1
"1034",2,3
"1035",3,3
"1036",1,3
"1037",2,3
"1038",1,2
"1039",3,2
"1040",2,2
"1041",3,2
"1042",3,2
"1043",3,3
"1044",2,3
"1045",3,3
"1046",2,2
"1047",2,3
"1048",3,3
"1049",2,3
"1050",3,3
"1051",1,1
"1052",3,2
"1053",2,3
"1054",2,3
"1055",2,3
"1056",3,3
"1057",2,3
"1058",2,3
"1059",3,3
"1060",3,3
"1061",3,2
"1062",3,3
"1063",3,3
"1064",1,3
"1065",3,2
"1066",3,3
"1067",3,1
"1068",2,3
"1069",3,3
"1070",3,2
"1071",2,3
"1072",2,2
"1073",3,3
"1074",3,2
"1075",3,3
"1076",2,2
"1077",3,2
"1078",1,3
"1079",2,3
"1080",3,2
"1081",3,2
"1082",3,1
"1083",2,3
"1084",3,3
"1085",2,3
"1086",2,3
"1087",1,3
"1088",3,3
"1089",3,2
"1090",3,1
"1091",3,3
"1092",2,3
"1093",3,2
"1094",3,3
"1095",2,3
"1096",3,2
"1097",1,3
"1098",3,3
"1099",2,3
"1100",3,2
"1101",3,2
"1102",3,3
"1103",2,3
"1104",2,2
"1105",2,3
"1106",1,3
"1107",3,3
"1108",3,1
"1109",3,3
"1110",2,2
"1111",2,3
"1112",3,2
"1113",2,3
"1114",3,2
"1115",2,3
"1116",3,3
"1117",2,3
"1118",2,3
"1119",3,3
"1120",3,2
"1121",3,3
"1122",3,2
"1123",2,3
"1124",2,3
"1125",2,3
"1126",3,3
"1127",1,3
"1128",2,3
"1129",3,2
"1130",2,2
"1131",2,2
"1132",3,2
"1133",2,3
"1134",3,3
"1135",3,3
"1136",2,2
"1137",2,3
"1138",2,2
"1139",3,2
"1140",2,2
"1141",1,3
"1142",2,3
"1143",3,3
"1144",1,3
"1145",3,3
"1146",3,3
"1147",2,2
"1148",3,3
"1149",3,3
"1150",2,3
"1151",3,1
"1152",1,3
"1153",3,2
"1154",3,2
"1155",2,3
"1156",2,3
"1157",3,3
"1158",3,3
"1159",2,2
"1160",1,2
"1161",3,2
"1162",3,3
"1163",2,3
"1164",3,3
"1165",2,2
"1166",3,2
"1167",3,2
"1168",3,3
"1169",2,3
"1170",2,3
"1171",3,2
"1172",1,3
"1173",3,3
"1174",2,3
"1175",2,1
"1176",3,1
"1177",3,3
"1178",2,1
"1179",3,3
"1180",2,3
"1181",2,2
"1182",3,2
"1183",3,3
"1184",2,1
"1185",2,2
"1186",3,3
"1187",2,3
"1188",2,2
"1189",3,3
"1190",3,3
"1191",3,1
"1192",3,3
"1193",3,3
"1194",1,3
"1195",3,3
"1196",3,3
"1197",3,2
"1198",2,3
"1199",3,2
"1200",3,2
"1201",2,2
"1202",2,3
"1203",3,2
"1204",3,2
"1205",3,2
"1206",3,3
"1207",2,3
"1208",3,1
"1209",2,3
"1210",3,3
"1211",2,2
"1212",2,2
"1213",2,2
"1214",3,3
"1215",2,3
"1216",3,3
"1217",3,1
"1218",2,3
"1219",2,2
"1220",2,3
"1221",2,3
"1222",2,2
"1223",2,3
"1224",1,2
"1225",3,3
"1226",2,2
"1227",2,3
"1228",3,2
"1229",3,3
"1230",3,3
"1231",3,2
"1232",3,3
"1233",3,2
"1234",3,2
"1235",3,3
"1236",2,3
"1237",3,2
"1238",2,3
"1239",3,3
"1240",3,3
"1241",2,3
"1242",3,3
"1243",3,1
"1244",2,2
"1245",1,3
"1246",3,2
"1247",3,3
"1248",2,1
"1249",3,2
"1250",1,3
"1251",3,3
"1252",3,2
"1253",3,3
"1254",2,3
"1255",2,2
"1256",3,3
"1257",3,2
"1258",2,3
"1259",3,2
"1260",3,3
"1261",2,2
"1262",1,2
"1263",3,3
"1264",2,3
"1265",3,2
"1266",3,3
"1267",1,2
"1268",2,3
"1269",2,3
"1270",3,3
"1271",1,3
"1272",2,3
"1273",2,2
"1274",3,3
"1275",1,3
"1276",2,1
"1277",3,2
"1278",2,2
"1279",2,3
"1280",3,3
"1281",3,2
"1282",2,3
"1283",3,2
"1284",3,3
"1285",3,3
"1286",3,3
"1287",3,2
"1288",3,2
"1289",3,2
"1290",2,3
"1291",2,2
"1292",3,3
"1293",2,3
"1294",2,3
"1295",3,1
"1296",3,1
"1297",3,3
"1298",2,2
"1299",2,3
"1300",3,1
"1301",3,3
"1302",3,3
"1303",3,3
"1304",2,2
"1305",3,3
"1306",2,3
"1307",1,3
"1308",3,2
"1309",3,1
"1310",3,3
"1311",3,2
"1312",3,2
"1313",3,3
"1314",2,3
"1315",3,3
"1316",2,3
"1317",2,2
"1318",3,3
"1319",1,3
"1320",2,3
"1321",2,2
"1322",3,3
"1323",2,3
"1324",3,3
"1325",2,3
"1326",3,3
"1327",3,2
"1328",3,3
"1329",3,2
"1330",2,2
"1331",2,3
"1332",3,2
"1333",3,2
"1334",3,3
"1335",3,3
"1336",4,3
"1337",4,3
"1338",4,2
"1339",4,3
"1340",4,3
"1341",4,2
"1342",4,2
"1343",4,2
"1344",4,2
"1345",4,2
"1346",4,2
"1347",4,3
"1348",4,2
"1349",4,3
"1350",4,3
"1351",4,2
"1352",4,1
"1353",4,3
"1354",4,2
"1355",4,3
"1356",4,3
"1357",4,2
"1358",4,3
"1359",4,2
"1360",4,3
"1361",4,2
"1362",4,1
"1363",4,2
"1364",4,2
"1365",4,3
"1366",4,1
"1367",4,2
"1368",4,2
"1369",4,2
"1370",4,1
"1371",4,2
"1372",4,3
"1373",4,3
"1374",4,2
"1375",4,2
"1376",4,2
"1377",4,2
"1378",4,2
"1379",4,2
"1380",4,2
"1381",4,2
"1382",4,3
"1383",4,1
"1384",4,3
"1385",4,3
"1386",4,3
"1387",4,3
"1388",4,1
"1389",4,3
"1390",4,2
"1391",4,2
"1392",4,3
"1393",4,3
"1394",4,3
"1395",4,3
"1396",4,3
"1397",4,2
"1398",4,2
"1399",4,3
"1400",4,2
"1401",4,2
"1402",4,2
"1403",4,3
"1404",4,3
"1405",4,2
"1406",4,3
"1407",4,1
"1408",4,2
"1409",4,2
"1410",4,2
"1411",4,2
"1412",4,2
"1413",4,2
"1414",4,2
"1415",4,2
"1416",4,2
"1417",4,3
"1418",4,2
"1419",4,3
"1420",4,2
"1421",4,3
"1422",4,2
"1423",4,2
"1424",4,3
"1425",4,2
"1426",4,2
"1427",4,2
"1428",4,2
"1429",4,2
"1430",4,2
"1431",4,2
"1432",4,3
"1433",4,3
"1434",4,3
"1435",4,3
"1436",4,3
"1437",4,1
"1438",4,3
"1439",4,3
"1440",4,3
"1441",4,2
"1442",4,2
"1443",4,3
"1444",4,2
"1445",4,3
"1446",4,2
"1447",4,3
"1448",4,3
"1449",4,2
"1450",4,2
"1451",4,2
"1452",4,3
"1453",4,2
"1454",4,2
"1455",4,1
"1456",4,2
"1457",4,2
"1458",4,3
"1459",4,1
"1460",4,2
"1461",4,2
"1462",4,3
"1463",4,3
"1464",4,2
"1465",4,3
"1466",4,3
"1467",4,1
"1468",4,1
"1469",4,2
"1470",4,2
"1471",4,2
"1472",4,1
"1473",4,2
"1474",4,2
"1475",4,3
"1476",4,2
"1477",4,3
"1478",4,2
"1479",4,2
"1480",4,2
"1481",4,3
"1482",4,2
"1483",4,3
"1484",4,3
"1485",4,2
"1486",4,2
"1487",4,3
"1488",4,3
"1489",4,2
"1490",4,3
"1491",4,3
"1492",4,2
"1493",4,3
"1494",4,3
"1495",4,2
"1496",4,2
"1497",4,2
"1498",4,3
"1499",4,3
"1500",4,2
"1501",4,2
"1502",4,3
"1503",4,2
"1504",4,2
"1505",4,2
"1506",4,2
"1507",4,2
"1508",4,1
"1509",4,3
"1510",4,2
"1511",4,2
"1512",4,2
"1513",4,2
"1514",4,2
"1515",4,3
"1516",4,3
"1517",4,2
"1518",4,2
"1519",4,3
"1520",4,3
"1521",4,3
"1522",4,2
"1523",4,3
"1524",4,3
"1525",4,2
"1526",4,3
"1527",4,2
"1528",4,2
"1529",4,2
"1530",4,3
"1531",4,1
"1532",4,2
"1533",4,2
"1534",4,2
"1535",4,3
"1536",4,3
"1537",4,1
"1538",4,2
"1539",4,2
"1540",4,2
"1541",4,2
"1542",4,3
"1543",4,2
"1544",4,3
"1545",4,2
"1546",4,1
"1547",4,3
"1548",4,2
"1549",4,2
"1550",4,2
"1551",4,2
"1552",4,3
"1553",4,3
"1554",4,3
"1555",4,2
"1556",4,2
"1557",4,2
"1558",4,3
"1559",4,3
"1560",4,2
"1561",4,3
"1562",4,2
"1563",4,2
"1564",4,2
"1565",4,2
"1566",4,3
"1567",4,1
"1568",4,2
"1569",4,2
"1570",4,3
"1571",4,3
"1572",4,3
"1573",4,2
"1574",4,2
"1575",4,1
"1576",4,2
"1577",4,2
"1578",4,2
"1579",4,1
"1580",4,1
"1581",4,2
"1582",4,1
"1583",4,3
"1584",4,2
"1585",4,3
"1586",4,3
"1587",4,1
"1588",4,2
"1589",4,3
"1590",4,2
"1591",4,3
"1592",4,3
"1593",4,3
"1594",4,2
"1595",4,2
"1596",4,2
"1597",4,2
"1598",4,3
"1599",4,2
"1600",4,3
"1601",4,1
"1602",4,2
"1603",4,2
"1604",4,2
"1605",4,3
"1606",4,2
"1607",4,3
"1608",4,2
"1609",4,2
"1610",4,2
"1611",4,2
"1612",4,2
"1613",4,2
"1614",4,2
"1615",4,3
"1616",4,2
"1617",4,2
"1618",4,2
"1619",4,2
"1620",4,2
"1621",4,2
"1622",4,2
"1623",4,3
"1624",4,3
"1625",4,2
"1626",4,3
"1627",4,2
"1628",4,3
"1629",4,2
"1630",4,2
"1631",4,3
"1632",4,1
"1633",4,3
"1634",4,1
"1635",4,2
"1636",4,1
"1637",4,2
"1638",4,1
"1639",4,2
"1640",4,2
"1641",4,3
"1642",4,3
"1643",4,3
"1644",4,2
"1645",4,2
"1646",4,3
"1647",4,3
"1648",4,3
"1649",4,2
"1650",4,3
"1651",4,2
"1652",4,3
"1653",4,2
"1654",4,2
"1655",4,2
"1656",4,3
"1657",4,3
"1658",4,2
"1659",4,2
"1660",4,3
"1661",4,2
"1662",4,2
"1663",4,3
"1664",4,2
"1665",4,3
"1666",4,2
"1667",4,3
"1668",4,3
"1669",4,3
"1670",4,3
"1671",4,1
"1672",4,1
"1673",4,2
"1674",4,3
"1675",4,3
"1676",4,3
"1677",4,3
"1678",4,2
"1679",4,2
"1680",4,3
"1681",4,1
"1682",4,3
"1683",4,2
"1684",4,2
"1685",4,3
"1686",4,3
"1687",4,3
"1688",4,1
"1689",4,2
"1690",4,1
"1691",4,1
"1692",4,2
"1693",4,2
"1694",4,3
"1695",4,3
"1696",4,1
"1697",4,3
"1698",4,1
"1699",4,2
"1700",4,3
"1701",4,3
"1702",4,3
"1703",4,2
"1704",4,3
"1705",4,2
"1706",4,3
"1707",4,1
"1708",4,1
"1709",4,3
"1710",4,2
"1711",4,1
"1712",4,2
"1713",4,2
"1714",4,3
"1715",4,2
"1716",4,2
"1717",4,2
"1718",4,2
"1719",4,3
"1720",4,2
"1721",4,1
"1722",4,2
"1723",4,2
"1724",4,3
"1725",4,3
"1726",4,2
"1727",4,2
"1728",4,3
"1729",4,2
"1730",4,2
"1731",4,2
"1732",4,3
"1733",4,2
"1734",4,1
"1735",4,2
"1736",4,1
"1737",4,2
"1738",4,2
"1739",4,1
"1740",4,2
"1741",4,1
"1742",4,3
"1743",4,3
"1744",4,2
"1745",4,3
"1746",4,2
"1747",4,3
"1748",4,3
"1749",4,3
"1750",4,2
"1751",4,2
"1752",4,2
"1753",4,3
"1754",4,3
"1755",4,2
"1756",4,3
"1757",4,1
"1758",4,3
"1759",4,2
"1760",4,3
"1761",4,3
"1762",4,2
"1763",4,2
"1764",4,3
"1765",4,2
"1766",4,3
"1767",4,2
"1768",4,2
"1769",4,2
"1770",4,2
"1771",4,2
"1772",4,3
"1773",4,2
"1774",4,2
"1775",4,3
"1776",4,2
"1777",4,2
"1778",4,3
"1779",4,1
"1780",4,2
"1781",4,1
"1782",4,2
"1783",4,2
"1784",4,2
"1785",4,2
"1786",4,2
"1787",4,3
"1788",4,1
"1789",4,3
"1790",4,2
"1791",4,2
"1792",4,2
"1793",4,2
"1794",4,2
"1795",4,3
"1796",4,2
"1797",4,2
"1798",4,2
"1799",4,3
"1800",4,1
"1801",4,3
"1802",4,2
"1803",4,1
"1804",4,2
"1805",4,2
"1806",4,2
"1807",4,2
"1808",4,1
"1809",4,2
"1810",4,2
"1811",4,3
"1812",4,2
"1813",4,2
"1814",4,2
"1815",4,2
"1816",4,3
"1817",4,3
"1818",4,2
"1819",4,2
"1820",4,3
"1821",4,1
"1822",4,2
"1823",4,2
"1824",4,2
"1825",4,2
"1826",4,3
"1827",4,1
"1828",4,3
"1829",4,2
"1830",4,2
"1831",4,2
"1832",4,3
"1833",4,3
"1834",4,1
"1835",4,3
"1836",4,2
"1837",4,2
"1838",4,3
"1839",4,1
"1840",4,2
"1841",4,2
"1842",4,2
"1843",4,2
"1844",4,2
"1845",4,3
"1846",4,1
"1847",4,2
"1848",4,3
"1849",4,3
"1850",4,2
"1851",4,2
"1852",4,3
"1853",4,2
"1854",4,3
"1855",4,2
"1856",4,2
"1857",4,3
"1858",4,2
"1859",4,2
"1860",4,2
"1861",4,3
"1862",4,2
"1863",4,3
"1864",4,2
"1865",4,2
"1866",4,3
"1867",4,2
"1868",4,2
"1869",4,3
"1870",4,2
"1871",4,2
"1872",4,3
"1873",4,3
"1874",4,2
"1875",4,2
"1876",4,3
"1877",4,2
"1878",4,1
"1879",4,2
"1880",4,2
"1881",4,2
"1882",4,2
"1883",4,2
"1884",4,2
"1885",4,2
"1886",4,2
"1887",4,2
"1888",4,3
"1889",4,3
"1890",4,2
"1891",4,2
"1892",4,2
"1893",4,3
"1894",4,3
"1895",4,1
"1896",4,2
"1897",4,1
"1898",4,2
"1899",4,2
"1900",4,1
"1901",4,2
"1902",4,2
"1903",4,3
"1904",4,3
"1905",4,2
"1906",4,2
"1907",4,3
"1908",4,2
"1909",4,3
"1910",4,2
"1911",4,2
"1912",4,2
"1913",4,2
"1914",4,2
"1915",4,2
"1916",4,2
"1917",4,2
"1918",4,1
"1919",4,2
"1920",4,3
"1921",4,3
"1922",4,1
"1923",4,3
"1924",4,2
"1925",4,2
"1926",4,3
"1927",4,3
"1928",4,2
"1929",4,3
"1930",4,1
"1931",4,2
"1932",4,2
"1933",4,2
"1934",4,2
"1935",4,2
"1936",4,2
"1937",4,2
"1938",4,3
"1939",4,3
"1940",4,2
"1941",4,3
"1942",4,3
"1943",4,3
"1944",4,2
"1945",4,2
"1946",4,3
"1947",4,2
"1948",4,2
"1949",4,1
"1950",4,2
"1951",4,3
"1952",4,2
"1953",4,1
"1954",4,2
"1955",4,2
"1956",4,2
"1957",4,2
"1958",4,3
"1959",4,1
"1960",4,3
"1961",4,2
"1962",4,2
"1963",4,2
"1964",4,1
"1965",4,3
"1966",4,2
"1967",4,3
"1968",4,2
"1969",4,3
"1970",4,2
"1971",4,2
"1972",4,2
"1973",4,3
"1974",4,2
"1975",4,3
"1976",4,2
"1977",4,2
"1978",4,3
"1979",4,2
"1980",4,3
"1981",4,2
"1982",4,3
"1983",4,2
"1984",4,2
"1985",4,1
"1986",4,2
"1987",4,1
"1988",4,2
"1989",4,3
"1990",4,2
"1991",4,2
"1992",4,2
"1993",4,2
"1994",4,3
"1995",4,1
"1996",4,3
"1997",4,2
"1998",4,2
"1999",4,3
"2000",4,2
"2001",4,2
"2002",4,2
"2003",4,2
"2004",4,3
"2005",4,1
"2006",4,3
"2007",4,2
"2008",4,3
"2009",4,2
"2010",4,2
"2011",4,2
"2012",4,2
"2013",4,3
"2014",4,2
"2015",4,2
"2016",4,2
"2017",4,3
"2018",4,3
"2019",4,2
"2020",4,2
"2021",4,1
"2022",4,3
"2023",4,2
"2024",4,2
"2025",4,3
"2026",4,2
"2027",4,2
"2028",4,3
"2029",4,2
"2030",4,2
"2031",4,2
"2032",4,3
"2033",4,1
"2034",4,2
"2035",4,3
"2036",4,3
"2037",4,3
"2038",4,1
"2039",4,2
"2040",4,2
"2041",4,3
"2042",4,2
"2043",4,2
"2044",4,2
"2045",4,2
"2046",4,3
"2047",4,1
"2048",4,3
"2049",4,2
"2050",4,2
"2051",4,3
"2052",4,2
"2053",4,3
"2054",4,2
"2055",4,2
"2056",4,2
"2057",4,2
"2058",4,3
"2059",4,2
"2060",4,2
"2061",4,3
"2062",4,2
"2063",4,2
"2064",4,2
"2065",4,2
"2066",4,3
"2067",4,2
"2068",4,3
"2069",4,2
"2070",4,2
"2071",4,1
"2072",4,1
"2073",4,2
"2074",4,3
"2075",4,3
"2076",4,2
"2077",4,3
"2078",4,2
"2079",4,2
"2080",4,1
"2081",4,2
"2082",4,3
"2083",4,3
"2084",4,2
"2085",4,2
"2086",4,2
"2087",4,2
"2088",4,3
"2089",4,3
"2090",4,2
"2091",4,2
"2092",4,1
"2093",4,2
"2094",4,2
"2095",4,2
"2096",4,3
"2097",4,3
"2098",4,2
"2099",4,2
"2100",4,1
"2101",4,3
"2102",4,3
"2103",4,3
"2104",4,2
"2105",4,2
"2106",4,2
"2107",4,1
"2108",4,2
"2109",4,1
"2110",4,2
"2111",4,2
"2112",4,3
"2113",4,1
"2114",4,2
"2115",4,3
"2116",4,3
"2117",4,2
"2118",4,2
"2119",4,2
"2120",4,2
"2121",4,1
"2122",4,2
"2123",4,2
"2124",4,2
"2125",4,3
"2126",4,1
"2127",4,1
"2128",4,1
"2129",4,3
"2130",4,3
"2131",4,2
"2132",4,1
"2133",4,2
"2134",4,2
"2135",4,1
"2136",4,2
"2137",4,1
"2138",4,3
"2139",4,2
"2140",4,2
"2141",4,2
"2142",4,3
"2143",4,3
"2144",4,2
"2145",4,1
"2146",4,1
"2147",4,3
"2148",4,3
"2149",4,2
"2150",4,2
"2151",4,3
"2152",4,1
"2153",4,2
"2154",4,3
"2155",4,2
"2156",4,2
"2157",4,2
"2158",4,3
"2159",4,2
"2160",4,3
"2161",4,1
"2162",4,1
"2163",4,2
"2164",4,2
"2165",4,2
"2166",4,1
"2167",4,1
"2168",4,1
"2169",4,2
"2170",4,2
"2171",4,2
"2172",4,3
"2173",4,2
"2174",4,3
"2175",4,2
"2176",4,3
"2177",4,2
"2178",4,2
"2179",4,1
"2180",4,2
"2181",4,3
"2182",4,2
"2183",4,2
"2184",4,2
"2185",4,1
"2186",4,2
"2187",4,2
"2188",4,2
"2189",4,3
"2190",4,2
"2191",4,3
"2192",4,3
"2193",4,3
"2194",4,2
"2195",4,2
"2196",4,2
"2197",4,2
"2198",4,3
"2199",4,1
"2200",4,2
"2201",4,2
"2202",4,1
"2203",4,3
"2204",4,3
"2205",4,3
"2206",4,2
"2207",4,2
"2208",4,2
"2209",4,2
"2210",4,3
"2211",4,2
"2212",4,2
"2213",4,3
"2214",4,2
"2215",4,2
"2216",4,3
"2217",4,3
"2218",4,2
"2219",4,1
"2220",4,2
"2221",4,2
"2222",4,2
"2223",4,1
"2224",4,3
"2225",4,2
"2226",4,3
"2227",4,2
"2228",4,2
"2229",4,2
"2230",4,3
"2231",4,2
"2232",4,3
"2233",4,2
"2234",4,2
"2235",4,2
"2236",4,3
"2237",4,3
"2238",4,2
"2239",4,3
"2240",4,2
"2241",4,3
"2242",4,2
"2243",4,3
"2244",4,1
"2245",4,1
"2246",4,1
"2247",4,1
"2248",4,2
"2249",4,3
"2250",4,2
"2251",4,1
"2252",4,2
"2253",4,2
"2254",4,3
"2255",4,3
"2256",4,2
"2257",4,2
"2258",4,3
"2259",4,2
"2260",4,3
"2261",4,2
"2262",4,2
"2263",4,3
"2264",4,2
"2265",4,3
"2266",4,2
"2267",4,3
"2268",4,3
"2269",4,2
"2270",4,1
"2271",4,3
"2272",4,2
"2273",4,3
"2274",4,1
"2275",4,3
"2276",4,2
"2277",4,2
"2278",4,2
"2279",4,3
"2280",4,2
"2281",4,3
"2282",4,3
"2283",4,1
"2284",4,2
"2285",4,2
"2286",4,3
"2287",4,2
"2288",4,3
"2289",4,1
"2290",4,2
"2291",4,3
"2292",4,3
"2293",4,2
"2294",4,2
"2295",4,2
"2296",4,3
"2297",4,1
"2298",4,3
"2299",4,1
"2300",4,1
"2301",4,2
"2302",4,2
"2303",4,3
"2304",4,3
"2305",4,1
"2306",4,3
"2307",4,2
"2308",4,2
"2309",4,2
"2310",4,2
"2311",4,2
"2312",4,2
"2313",4,2
"2314",4,2
"2315",7,3
"2316",5,1
"2317",6,1
"2318",6,2
"2319",6,2
"2320",5,2
"2321",6,1
"2322",6,1
"2323",5,3
"2324",5,3
"2325",5,1
"2326",6,2
"2327",6,2
"2328",5,2
"2329",7,3
"2330",5,3
"2331",5,2
"2332",5,3
"2333",5,1
"2334",5,3
"2335",6,2
"2336",6,2
"2337",5,2
"2338",5,2
"2339",6,1
"2340",5,2
"2341",5,1
"2342",6,2
"2343",5,3
"2344",7,3
"2345",5,3
"2346",6,1
"2347",6,2
"2348",5,2
"2349",6,1
"2350",5,2
"2351",6,1
"2352",5,2
"2353",5,2
"2354",5,3
"2355",5,3
"2356",6,2
"2357",7,2
"2358",5,2
"2359",6,1
"2360",5,1
"2361",5,3
"2362",5,2
"2363",5,1
"2364",7,1
"2365",6,3
"2366",5,3
"2367",5,3
"2368",5,3
"2369",5,2
"2370",7,1
"2371",5,2
"2372",5,2
"2373",7,1
"2374",5,1
"2375",5,2
"2376",5,3
"2377",6,3
"2378",6,2
"2379",5,3
"2380",5,1
"2381",5,2
"2382",5,2
"2383",5,2
"2384",5,2
"2385",6,3
"2386",5,1
"2387",6,1
"2388",6,2
"2389",6,2
"2390",6,1
"2391",5,3
"2392",7,1
"2393",5,1
"2394",6,2
"2395",5,2
"2396",5,2
"2397",5,2
"2398",6,2
"2399",6,2
"2400",7,2
"2401",5,1
"2402",6,2
"2403",5,2
"2404",6,1
"2405",5,3
"2406",6,3
"2407",6,1
"2408",6,3
"2409",6,1
"2410",5,2
"2411",7,1
"2412",6,2
"2413",6,2
"2414",5,1
"2415",5,3
"2416",5,3
"2417",7,1
"2418",5,1
"2419",5,2
"2420",6,1
"2421",5,3
"2422",6,2
"2423",5,1
"2424",6,1
"2425",6,1
"2426",5,2
"2427",6,1
"2428",6,3
"2429",5,2
"2430",7,1
"2431",5,2
"2432",5,1
"2433",6,3
"2434",5,1
"2435",5,2
"2436",5,2
"2437",7,1
"2438",5,3
"2439",5,3
"2440",7,1
"2441",5,3
"2442",5,2
"2443",5,2
"2444",6,3
"2445",6,1
"2446",5,2
"2447",5,3
"2448",5,2
"2449",6,3
"2450",5,3
"2451",6,2
"2452",5,2
"2453",7,3
"2454",5,1
"2455",6,1
"2456",7,1
"2457",5,2
"2458",6,2
"2459",6,3
"2460",7,1
"2461",5,2
"2462",6,2
"2463",6,2
"2464",5,2
"2465",6,2
"2466",7,1
"2467",6,2
"2468",5,3
"2469",5,1
"2470",7,1
"2471",5,2
"2472",5,2
"2473",6,2
"2474",5,1
"2475",6,2
"2476",5,3
"2477",6,1
"2478",5,2
"2479",6,2
"2480",6,2
"2481",5,2
"2482",6,1
"2483",6,2
"2484",6,1
"2485",5,1
"2486",6,1
"2487",6,1
"2488",5,2
"2489",5,2
"2490",6,1
"2491",5,2
"2492",6,1
"2493",6,2
"2494",6,3
"2495",5,3
"2496",5,2
"2497",6,1
"2498",6,2
"2499",5,2
"2500",5,2
"2501",7,1
"2502",5,1
"2503",6,3
"2504",6,1
"2505",5,1
"2506",5,2
"2507",5,2
"2508",5,2
"2509",6,2
"2510",5,3
"2511",5,2
"2512",6,1
"2513",5,2
"2514",5,2
"2515",5,2
"2516",6,3
"2517",5,3
"2518",5,3
"2519",5,2
"2520",6,2
"2521",6,1
"2522",5,3
"2523",5,3
"2524",5,3
"2525",7,2
"2526",5,2
"2527",5,3
"2528",5,2
"2529",5,2
"2530",6,1
"2531",6,2
"2532",6,1
"2533",5,3
"2534",6,1
"2535",6,2
"2536",5,3
"2537",6,2
"2538",6,3
"2539",5,3
"2540",5,3
"2541",5,3
"2542",6,1
"2543",5,1
"2544",7,1
"2545",6,2
"2546",5,2
"2547",5,2
"2548",5,2
"2549",6,2
"2550",7,2
"2551",5,2
"2552",6,1
"2553",5,2
"2554",6,1
"2555",5,2
"2556",6,2
"2557",5,1
"2558",5,1
"2559",6,3
"2560",5,2
"2561",6,2
"2562",6,3
"2563",5,2
"2564",6,1
"2565",6,2
"2566",5,2
"2567",5,3
"2568",6,3
"2569",5,1
"2570",7,2
"2571",5,2
"2572",6,1
"2573",6,1
"2574",6,2
"2575",6,1
"2576",5,2
"2577",7,1
"2578",5,2
"2579",6,1
"2580",6,1
"2581",5,3
"2582",5,1
"2583",6,1
"2584",5,3
"2585",6,2
"2586",6,1
"2587",6,3
"2588",5,2
"2589",5,3
"2590",6,3
"2591",7,2
"2592",6,1
"2593",5,2
"2594",6,2
"2595",6,2
"2596",5,3
"2597",5,2
"2598",7,3
"2599",5,1
"2600",6,3
"2601",5,2
"2602",5,2
"2603",6,2
"2604",6,3
"2605",5,3
"2606",5,3
"2607",5,2
"2608",6,3
"2609",5,1
"2610",5,2
"2611",5,3
"2612",5,2
"2613",5,1
"2614",6,3
"2615",6,2
"2616",5,2
"2617",5,2
"2618",6,1
"2619",6,1
"2620",5,2
"2621",5,2
"2622",6,2
"2623",5,3
"2624",6,2
"2625",5,2
"2626",5,2
"2627",6,3
"2628",6,1
"2629",5,2
"2630",6,1
"2631",5,3
"2632",5,1
"2633",5,3
"2634",5,1
"2635",5,2
"2636",6,1
"2637",5,2
"2638",6,2
"2639",6,2
"2640",5,2
"2641",6,3
"2642",6,3
"2643",5,3
"2644",6,3
"2645",5,2
"2646",5,2
"2647",5,1
"2648",6,1
"2649",5,1
"2650",6,3
"2651",7,2
"2652",7,3
"2653",7,2
"2654",6,2
"2655",5,1
"2656",5,2
"2657",5,2
"2658",5,2
"2659",6,3
"2660",6,1
"2661",5,2
"2662",5,3
"2663",5,3
"2664",5,3
"2665",5,1
"2666",6,1
"2667",6,2
"2668",6,1
"2669",6,2
"2670",5,1
"2671",5,2
"2672",5,3
"2673",6,2
"2674",5,2
"2675",6,1
"2676",6,1
"2677",5,2
"2678",5,3
"2679",6,2
"2680",6,1
"2681",5,3
"2682",6,1
"2683",5,2
"2684",5,1
"2685",5,2
"2686",7,1
"2687",6,2
"2688",6,3
"2689",6,2
"2690",5,2
"2691",6,2
"2692",6,2
"2693",6,2
"2694",5,1
"2695",5,1
"2696",7,3
"2697",6,2
"2698",7,1
"2699",7,2
"2700",6,1
"2701",5,2
"2702",5,1
"2703",5,1
"2704",5,3
"2705",6,2
"2706",6,2
"2707",5,1
"2708",6,2
"2709",7,1
"2710",5,1
"2711",5,2
"2712",5,2
"2713",6,2
"2714",5,2
"2715",6,1
"2716",5,3
"2717",5,1
"2718",7,3
"2719",6,3
"2720",5,3
"2721",5,2
"2722",6,1
"2723",5,1
"2724",5,3
"2725",6,2
"2726",5,1
"2727",5,3
"2728",5,1
"2729",5,2
"2730",7,2
"2731",6,3
"2732",5,1
"2733",6,2
"2734",5,2
"2735",5,1
"2736",5,3
"2737",5,2
"2738",5,2
"2739",5,2
"2740",6,2
"2741",5,1
"2742",5,2
"2743",5,1
"2744",5,2
"2745",6,2
"2746",5,3
"2747",6,3
"2748",6,1
"2749",7,1
"2750",5,2
"2751",5,2
"2752",6,1
"2753",6,3
"2754",6,2
"2755",6,3
"2756",6,2
"2757",5,3
"2758",6,2
"2759",5,2
"2760",6,2
"2761",5,1
"2762",6,1
"2763",6,1
"2764",6,3
"2765",6,2
"2766",7,3
"2767",5,2
"2768",6,3
"2769",6,1
"2770",6,2
"2771",6,2
"2772",7,1
"2773",7,1
"2774",6,3
"2775",5,3
"2776",5,1
"2777",6,2
"2778",5,1
"2779",6,2
"2780",6,1
"2781",5,2
"2782",5,1
"2783",5,1
"2784",5,2
"2785",5,1
"2786",7,3
"2787",6,3
"2788",5,2
"2789",5,2
"2790",6,3
"2791",6,2
"2792",6,1
"2793",7,1
"2794",6,2
"2795",7,1
"2796",5,2
"2797",6,2
"2798",6,1
"2799",5,1
"2800",6,2
"2801",5,2
"2802",6,1
"2803",6,1
"2804",5,3
"2805",5,1
"2806",5,3
"2807",7,3
"2808",5,2
"2809",5,1
"2810",5,2
"2811",5,3
"2812",6,2
"2813",5,3
"2814",7,1
"2815",6,1
"2816",5,2
"2817",5,3
"2818",6,1
"2819",7,2
"2820",5,3
"2821",5,3
"2822",6,1
"2823",5,2
"2824",5,3
"2825",6,2
"2826",5,1
"2827",5,3
"2828",5,1
"2829",6,2
"2830",5,3
"2831",5,3
"2832",6,3
"2833",5,3
"2834",5,2
"2835",5,1
"2836",6,1
"2837",5,3
"2838",6,2
"2839",6,1
"2840",5,2
"2841",5,1
"2842",5,2
"2843",6,2
"2844",5,2
"2845",5,2
"2846",6,1
"2847",5,2
"2848",6,2
"2849",6,3
"2850",7,1
"2851",5,1
"2852",6,1
"2853",5,2
"2854",5,1
"2855",6,1
"2856",5,1
"2857",6,1
"2858",6,1
"2859",5,3
"2860",6,2
"2861",6,1
"2862",5,1
"2863",6,2
"2864",6,3
"2865",6,2
"2866",5,2
"2867",5,2
"2868",5,1
"2869",6,1
"2870",7,1
"2871",6,2
"2872",6,3
"2873",5,2
"2874",6,1
"2875",5,2
"2876",6,2
"2877",5,3
"2878",7,1
"2879",7,2
"2880",5,3
"2881",6,3
"2882",5,2
"2883",5,1
"2884",5,1
"2885",5,2
"2886",5,3
"2887",5,2
"2888",6,1
"2889",5,2
"2890",6,2
"2891",5,2
"2892",6,1
"2893",5,2
"2894",6,1
"2895",6,1
"2896",7,1
"2897",6,1
"2898",5,3
"2899",6,1
"2900",6,2
"2901",6,3
"2902",5,3
"2903",5,2
"2904",6,2
"2905",5,2
"2906",5,2
"2907",5,2
"2908",7,2
"2909",5,2
"2910",6,2
"2911",5,2
"2912",5,2
"2913",6,3
"2914",5,1
"2915",5,2
"2916",5,3
"2917",6,2
"2918",5,2
"2919",6,3
"2920",6,2
"2921",5,2
"2922",5,3
"2923",5,2
"2924",5,3
"2925",6,1
"2926",5,3
"2927",5,2
"2928",5,2
"2929",5,1
"2930",6,1
"2931",5,3
"2932",5,2
"2933",5,1
"2934",5,3
"2935",5,2
"2936",5,3
"2937",5,2
"2938",6,2
"2939",6,2
"2940",6,2
"2941",7,1
"2942",6,3
"2943",6,1
"2944",6,1
"2945",5,2
"2946",5,2
"2947",5,3
"2948",6,1
"2949",6,2
"2950",7,1
"2951",6,2
"2952",5,2
"2953",5,2
"2954",5,3
"2955",6,1
"2956",5,1
"2957",5,2
"2958",5,3
"2959",5,1
"2960",6,3
"2961",5,1
"2962",6,3
"2963",5,3
"2964",6,1
"2965",6,1
"2966",6,1
"2967",6,1
"2968",5,2
"2969",6,1
"2970",7,1
"2971",6,1
"2972",5,3
"2973",6,3
"2974",6,2
"2975",6,2
"2976",5,3
"2977",6,3
"2978",7,1
"2979",5,3
"2980",6,1
"2981",5,1
"2982",6,2
"2983",5,3
"2984",7,2
"2985",5,2
"2986",5,3
"2987",5,1
"2988",6,2
"2989",6,1
"2990",6,3
"2991",6,1
"2992",7,1
"2993",7,2
"2994",5,2
"2995",5,3
"2996",7,1
"2997",5,1
"2998",7,1
"2999",6,1
"3000",5,2
"3001",6,2
"3002",5,2
"3003",5,2
"3004",6,2
"3005",6,2
"3006",5,2
"3007",6,3
"3008",5,2
"3009",6,2
"3010",5,2
"3011",7,2
"3012",6,2
"3013",6,2
"3014",6,3
"3015",5,2
"3016",5,1
"3017",5,1
"3018",7,2
"3019",5,1
"3020",5,2
"3021",7,1
"3022",5,2
"3023",5,2
"3024",5,2
"3025",5,2
"3026",5,1
"3027",5,2
"3028",5,1
"3029",6,1
"3030",5,2
"3031",5,2
"3032",5,1
"3033",5,3
"3034",6,3
"3035",5,3
"3036",5,3
"3037",7,1
"3038",5,3
"3039",6,1
"3040",7,1
"3041",5,2
"3042",5,3
"3043",6,3
"3044",5,1
"3045",6,3
"3046",5,1
"3047",6,1
"3048",6,3
"3049",6,1
"3050",5,3
"3051",5,3
"3052",6,2
"3053",6,1
"3054",5,2
"3055",6,2
"3056",7,1
"3057",6,1
"3058",5,1
"3059",5,3
"3060",5,1
"3061",5,1
"3062",6,2
"3063",5,3
"3064",6,2
"3065",6,3
"3066",6,1
"3067",5,2
"3068",5,3
"3069",5,1
"3070",5,3
"3071",5,1
"3072",5,1
"3073",5,3
"3074",7,1
"3075",6,2
"3076",5,3
"3077",6,1
"3078",5,2
"3079",6,2
"3080",5,2
"3081",5,2
"3082",6,1
"3083",6,3
"3084",6,1
"3085",5,2
"3086",5,3
"3087",5,3
"3088",5,3
"3089",6,1
"3090",5,3
"3091",5,2
"3092",6,1
"3093",5,2
"3094",6,2
"3095",5,1
"3096",5,1
"3097",5,3
"3098",5,2
"3099",5,2
"3100",6,2
"3101",5,3
"3102",5,2
"3103",6,2
"3104",5,2
"3105",7,3
"3106",5,1
"3107",6,1
"3108",5,2
"3109",5,3
"3110",5,1
"3111",6,1
"3112",6,1
"3113",5,3
"3114",5,3
"3115",6,1
"3116",6,2
"3117",5,1
"3118",5,2
"3119",6,1
"3120",5,2
"3121",6,1
"3122",5,2
"3123",6,1
"3124",6,3
"3125",5,2
"3126",5,3
"3127",5,1
"3128",5,2
"3129",5,1
"3130",6,2
"3131",6,1
"3132",5,2
"3133",6,2
"3134",5,2
"3135",5,2
"3136",5,2
"3137",5,2
"3138",7,2
"3139",5,1
"3140",6,2
"3141",5,3
"3142",6,2
"3143",5,1
"3144",5,2
"3145",5,3
"3146",5,3
"3147",5,2
"3148",6,1
"3149",5,1
"3150",5,2
"3151",5,2
"3152",5,1
"3153",5,2
"3154",6,2
"3155",6,2
"3156",5,2
"3157",5,3
"3158",5,2
"3159",6,2
"3160",7,1
"3161",6,2
"3162",6,1
"3163",6,2
"3164",5,2
"3165",5,1
"3166",5,2
"3167",6,2
"3168",5,3
"3169",6,2
"3170",6,2
"3171",7,2
"3172",6,1
"3173",5,3
"3174",5,2
"3175",7,3
"3176",5,2
"3177",6,1
"3178",6,3
"3179",5,2
"3180",6,1
"3181",6,1
"3182",5,2
"3183",6,3
"3184",5,1
"3185",6,3
"3186",5,1
"3187",6,1
"3188",5,1
"3189",5,2
"3190",6,1
"3191",5,3
"3192",6,1
"3193",6,1
"3194",5,1
"3195",6,1
"3196",5,2
"3197",6,2
"3198",7,2
"3199",5,2
"3200",6,3
"3201",5,1
"3202",5,1
"3203",6,1
"3204",5,2
"3205",5,3
"3206",6,1
"3207",5,3
"3208",5,2
"3209",6,1
"3210",6,1
"3211",5,3
"3212",6,2
"3213",5,2
"3214",7,2
"3215",5,1
"3216",5,1
"3217",5,3
"3218",5,1
"3219",6,3
"3220",6,2
"3221",6,2
"3222",5,3
"3223",7,1
"3224",5,2
"3225",6,3
"3226",5,3
"3227",6,1
"3228",5,2
"3229",5,3
"3230",7,1
"3231",6,2
"3232",6,3
"3233",5,2
"3234",5,3
"3235",6,1
"3236",6,2
"3237",7,2
"3238",5,2
"3239",5,2
"3240",5,3
"3241",6,3
"3242",6,1
"3243",5,3
"3244",5,2
"3245",6,1
"3246",5,2
"3247",6,1
"3248",6,2
"3249",7,1
"3250",6,2
"3251",5,2
"3252",6,2
"3253",7,3
"3254",6,1
"3255",5,2
"3256",6,3
"3257",6,3
"3258",6,2
"3259",6,1
"3260",5,2
"3261",5,3
"3262",7,1
"3263",5,1
"3264",5,1
"3265",5,1
"3266",6,2
"3267",6,1
"3268",5,1
"3269",5,1
"3270",5,2
"3271",5,2
"3272",7,1
"3273",6,3
"3274",6,2
"3275",5,3
"3276",5,3
"3277",5,1
"3278",6,2
"3279",5,1
"3280",5,2
"3281",6,3
"3282",6,1
"3283",5,1
"3284",6,2
"3285",5,3
"3286",5,2
"3287",5,2
"3288",5,2
"3289",5,2
"3290",5,2
"3291",5,2
"3292",5,2
"3293",6,2
"3294",5,2
"3295",7,3
"3296",5,2
"3297",7,1
"3298",5,2
"3299",5,3
"3300",7,2
"3301",7,2
"3302",6,2
"3303",5,2
"3304",5,2
"3305",5,3
"3306",5,2
"3307",6,2
"3308",5,2
"3309",5,3
"3310",6,1
"3311",5,2
"3312",6,1
"3313",5,2
"3314",5,2
"3315",7,1
"3316",5,2
"3317",6,1
"3318",5,3
"3319",6,2
"3320",6,1
"3321",5,2
"3322",6,2
"3323",6,1
"3324",6,3
"3325",6,1
"3326",5,3
"3327",5,2
"3328",5,1
"3329",5,3
"3330",6,1
"3331",5,2
"3332",6,2
"3333",5,1
"3334",5,2
"3335",5,2
"3336",6,2
"3337",6,2
"3338",5,2
"3339",6,2
"3340",6,2
"3341",5,2
"3342",5,2
"3343",5,2
"3344",6,1
"3345",5,1
"3346",5,2
"3347",5,1
"3348",5,2
"3349",5,2
"3350",5,3
"3351",5,2
"3352",5,3
"3353",5,3
"3354",7,1
"3355",6,1
"3356",6,2
"3357",6,3
"3358",5,1
"3359",6,1
"3360",6,3
"3361",7,3
"3362",5,1
"3363",6,3
"3364",5,2
"3365",5,2
"3366",6,2
"3367",6,2
"3368",6,3
"3369",5,2
"3370",7,2
"3371",5,2
"3372",6,1
"3373",6,1
"3374",5,2
"3375",5,2
"3376",6,2
"3377",5,2
"3378",5,1
"3379",7,3
"3380",6,1
"3381",6,1
"3382",5,3
"3383",6,1
"3384",5,3
"3385",6,1
"3386",6,2
"3387",6,1
"3388",5,2
"3389",5,3
"3390",6,2
"3391",5,3
"3392",5,2
"3393",5,2
"3394",6,3
"3395",5,3
"3396",6,2
"3397",5,2
"3398",6,3
"3399",7,1
"3400",6,2
"3401",5,3
"3402",5,2
"3403",6,2
"3404",5,1
"3405",5,3
"3406",5,3
"3407",6,1
"3408",5,3
"3409",5,3
"3410",5,2
"3411",6,2
"3412",5,3
"3413",6,2
"3414",5,1
"3415",7,2
"3416",6,2
"3417",5,3
"3418",5,2
"3419",5,1
"3420",5,3
"3421",5,1
"3422",6,1
"3423",5,3
"3424",5,3
"3425",6,2
"3426",7,2
"3427",6,2
"3428",6,1
"3429",7,2
"3430",5,1
"3431",7,2
"3432",5,2
"3433",6,1
"3434",5,3
"3435",7,3
"3436",5,2
"3437",5,2
"3438",5,2
"3439",5,2
"3440",6,1
"3441",5,3
"3442",5,2
"3443",5,3
"3444",5,3
"3445",6,2
"3446",5,2
"3447",6,1
"3448",6,2
"3449",6,2
"3450",7,1
"3451",5,1
"3452",6,3
"3453",5,3
"3454",6,1
"3455",5,3
"3456",7,1
"3457",6,3
"3458",5,2
"3459",6,1
"3460",6,1
"3461",7,2
"3462",6,1
"3463",6,1
"3464",6,1
"3465",5,3
"3466",6,3
"3467",6,1
"3468",6,3
"3469",6,2
"3470",6,2
"3471",7,2
"3472",5,3
"3473",5,3
"3474",5,2
"3475",5,2
"3476",5,2
"3477",6,2
"3478",7,2
"3479",6,2
"3480",7,1
"3481",6,1
"3482",5,1
"3483",5,1
"3484",5,1
"3485",5,2
"3486",6,3
"3487",5,1
"3488",5,2
"3489",6,1
"3490",5,1
"3491",5,2
"3492",5,2
"3493",6,3
"3494",6,2
"3495",6,3
"3496",5,1
"3497",7,1
"3498",5,2
"3499",5,2
"3500",7,1
"3501",7,3
"3502",5,2
"3503",5,2
"3504",6,2
"3505",5,3
"3506",7,1
"3507",5,2
"3508",5,2
"3509",6,2
"3510",5,2
"3511",6,3
"3512",5,3
"3513",5,3
"3514",7,2
"3515",5,3
"3516",5,2
"3517",6,2
"3518",6,2
"3519",6,3
"3520",6,3
"3521",6,1
"3522",6,2
"3523",5,2
"3524",5,1
"3525",6,2
"3526",5,2
"3527",6,1
"3528",5,2
"3529",5,3
"3530",5,2
"3531",6,2
"3532",5,2
"3533",5,3
"3534",5,3
"3535",5,3
"3536",7,2
"3537",5,3
"3538",5,3
"3539",7,1
"3540",6,1
"3541",5,1
"3542",5,3
"3543",5,1
"3544",7,3
"3545",5,3
"3546",5,1
"3547",5,1
"3548",5,3
"3549",5,2
"3550",6,2
"3551",5,2
"3552",7,1
"3553",5,2
"3554",6,2
"3555",7,3
"3556",5,1
"3557",6,2
"3558",5,1
"3559",6,2
"3560",6,3
"3561",6,1
"3562",5,1
"3563",6,1
"3564",6,2
"3565",6,1
"3566",5,3
"3567",5,2
"3568",5,2
"3569",6,3
"3570",5,1
"3571",5,1
"3572",5,3
"3573",7,1
"3574",6,1
"3575",7,2
"3576",5,2
"3577",6,1
"3578",6,1
"3579",6,3
"3580",5,1
"3581",5,3
"3582",6,3
"3583",5,2
"3584",5,1
"3585",6,2
"3586",5,3
"3587",7,1
"3588",5,2
"3589",5,1
"3590",6,1
"3591",5,3
"3592",6,1
"3593",6,1
"3594",5,2
"3595",5,2
"3596",6,2
"3597",5,2
"3598",5,2
"3599",5,2
"3600",5,2
"3601",5,1
"3602",5,3
"3603",6,1
"3604",5,2
"3605",5,2
"3606",6,1
"3607",5,2
"3608",6,2
"3609",5,2
"3610",5,3
"3611",5,3
"3612",6,2
"3613",7,1
"3614",5,2
"3615",6,1
"3616",6,1
"3617",5,3
"3618",5,2
"3619",5,1
"3620",6,3
"3621",5,3
"3622",6,3
"3623",5,2
"3624",6,2
"3625",6,2
"3626",5,2
"3627",6,3
"3628",6,1
"3629",6,1
"3630",6,3
"3631",5,1
"3632",6,3
"3633",5,3
"3634",6,1
"3635",5,2
"3636",5,3
"3637",5,1
"3638",7,1
"3639",5,3
"3640",6,2
"3641",7,2
"3642",5,1
"3643",5,2
"3644",6,3
"3645",5,3
"3646",6,2
"3647",6,1
"3648",5,2
"3649",6,2
"3650",5,3
"3651",5,2
"3652",5,2
"3653",5,2
"3654",5,3
"3655",7,1
"3656",5,1
"3657",5,1
"3658",5,2
"3659",6,1
"3660",5,2
"3661",5,2
"3662",5,2
"3663",6,2
"3664",7,1
"3665",6,1
"3666",5,3
"3667",6,2
"3668",5,2
"3669",5,2
"3670",6,3
"3671",5,1
"3672",6,1
"3673",5,3
"3674",6,2
"3675",6,1
"3676",6,1
"3677",6,2
"3678",5,2
"3679",5,2
"3680",7,1
"3681",5,2
"3682",5,2
"3683",5,2
"3684",5,1
"3685",5,3
"3686",5,3
"3687",5,2
"3688",6,3
"3689",5,3
"3690",6,3
"3691",5,1
"3692",5,2
"3693",5,3
"3694",7,2
"3695",5,3
"3696",6,1
"3697",5,2
"3698",6,3
"3699",5,3
"3700",5,2
"3701",5,3
"3702",6,3
"3703",6,1
"3704",6,3
"3705",6,2
"3706",5,1
"3707",5,1
"3708",6,1
"3709",5,1
"3710",5,2
"3711",6,2
"3712",6,3
"3713",7,1
"3714",7,1
"3715",5,1
"3716",5,3
"3717",6,2
"3718",6,1
"3719",5,2
"3720",5,1
"3721",5,3
"3722",5,2
"3723",6,2
"3724",5,3
"3725",5,1
"3726",6,1
"3727",5,2
"3728",6,2
"3729",6,2
"3730",5,1
"3731",6,2
"3732",5,2
"3733",5,2
"3734",5,3
"3735",6,2
"3736",5,2
"3737",7,1
"3738",5,1
"3739",5,3
"3740",5,3
"3741",6,2
"3742",5,1
"3743",6,2
"3744",7,1
"3745",6,1
"3746",5,1
"3747",5,3
"3748",7,1
"3749",6,1
"3750",6,1
"3751",6,1
"3752",5,2
"3753",5,1
"3754",5,2
"3755",5,2
"3756",5,3
"3757",5,2
"3758",6,2
"3759",5,1
"3760",6,1
"3761",6,2
"3762",5,3
"3763",6,1
"3764",5,2
"3765",6,3
"3766",6,1
"3767",7,2
"3768",5,1
"3769",5,2
"3770",5,2
"3771",5,2
"3772",5,1
"3773",6,2
"3774",7,1
"3775",6,1
"3776",7,1
"3777",6,2
"3778",5,2
"3779",5,3
"3780",5,1
"3781",6,3
"3782",5,2
"3783",6,2
"3784",6,2
"3785",6,2
"3786",5,3
"3787",6,2
"3788",6,2
"3789",5,2
"3790",7,3
"3791",7,1
"3792",6,1
"3793",6,2
"3794",6,1
"3795",5,3
"3796",6,2
"3797",5,3
"3798",6,2
"3799",5,2
"3800",5,1
"3801",6,2
"3802",5,1
"3803",5,2
"3804",5,2
"3805",5,2
"3806",5,2
"3807",5,2
"3808",5,1
"3809",6,1
"3810",6,3
"3811",5,2
"3812",5,2
"3813",5,2
"3814",6,1
"3815",5,1
"3816",6,3
"3817",5,1
"3818",6,2
"3819",5,3
"3820",5,3
"3821",5,1
"3822",7,2
"3823",7,1
"3824",6,2
"3825",6,3
"3826",6,2
"3827",6,2
"3828",5,1
"3829",5,3
"3830",5,1
"3831",5,1
"3832",6,1
"3833",6,2
"3834",6,1
"3835",6,1
"3836",6,3
"3837",6,1
"3838",6,2
"3839",5,2
"3840",6,1
"3841",6,2
"3842",5,2
"3843",5,1
"3844",6,2
"3845",5,2
"3846",5,3
"3847",5,2
"3848",6,1
"3849",6,3
"3850",7,2
"3851",6,1
"3852",5,3
"3853",5,2
"3854",7,1
"3855",5,2
"3856",5,2
"3857",6,2
"3858",6,3
"3859",5,3
"3860",5,3
"3861",6,2
"3862",6,2
"3863",7,1
"3864",5,2
"3865",5,2
"3866",5,2
"3867",5,3
"3868",7,1
"3869",7,2
"3870",6,1
"3871",6,3
"3872",5,2
"3873",5,3
"3874",5,1
"3875",5,3
"3876",5,3
"3877",5,1
"3878",5,3
"3879",6,2
"3880",5,1
"3881",7,2
"3882",5,2
"3883",5,2
"3884",5,2
"3885",6,2
"3886",6,3
"3887",6,1
"3888",6,3
"3889",5,3
"3890",6,1
"3891",5,1
"3892",5,2
"3893",6,2
"3894",5,1
"3895",6,3
"3896",5,2
"3897",6,1
"3898",5,3
"3899",5,3
"3900",5,3
"3901",6,1
"3902",6,3
"3903",6,3
"3904",6,3
"3905",6,2
"3906",5,2
"3907",5,1
"3908",5,2
"3909",5,1
"3910",5,3
"3911",5,3
"3912",6,2
"3913",6,3
"3914",5,2
"3915",6,1
"3916",5,3
"3917",7,1
"3918",5,2
"3919",5,1
"3920",5,2
"3921",6,1
"3922",5,2
"3923",5,1
"3924",5,2
"3925",6,3
"3926",5,1
"3927",7,2
"3928",6,1
"3929",5,3
"3930",5,1
"3931",5,3
"3932",6,1
"3933",5,2
"3934",7,1
"3935",5,2
"3936",6,1
"3937",6,2
"3938",6,1
"3939",5,2
"3940",5,3
"3941",5,3
"3942",6,2
"3943",5,2
"3944",5,3
"3945",6,3
"3946",6,3
"3947",5,2
"3948",5,2
"3949",5,1
"3950",5,1
"3951",6,1
"3952",5,3
"3953",6,2
"3954",6,2
"3955",5,2
"3956",5,1
"3957",6,1
"3958",7,1
"3959",5,3
"3960",5,3
"3961",6,2
"3962",6,3
"3963",6,3
"3964",5,1
"3965",5,2
"3966",6,2
"3967",5,2
"3968",6,2
"3969",5,3
"3970",6,3
"3971",5,2
"3972",5,2
"3973",6,1
"3974",5,2
"3975",6,1
"3976",6,2
"3977",5,1
"3978",6,3
"3979",6,1
"3980",5,3
"3981",6,2
"3982",5,3
"3983",6,2
"3984",5,2
"3985",6,1
"3986",6,3
"3987",6,1
"3988",6,2
"3989",5,3
"3990",6,2
"3991",6,3
"3992",5,2
"3993",5,2
"3994",6,1
"3995",5,1
"3996",5,1
"3997",5,2
"3998",5,3
"3999",5,3
"4000",7,1
"4001",6,2
"4002",5,1
"4003",5,3
"4004",6,2
"4005",6,2
"4006",7,1
"4007",6,2
"4008",6,3
"4009",5,2
"4010",5,3
"4011",6,1
"4012",6,2
"4013",5,2
"4014",5,1
"4015",5,3
"4016",5,3
"4017",5,2
"4018",6,3
"4019",6,2
"4020",6,3
"4021",6,3
"4022",5,3
"4023",6,2
"4024",7,2
"4025",6,3
"4026",6,2
"4027",5,1
"4028",7,1
"4029",6,1
"4030",6,1
"4031",5,2
"4032",5,2
"4033",6,1
"4034",7,3
"4035",5,3
"4036",5,3
"4037",5,2
"4038",6,2
"4039",7,1
"4040",6,3
"4041",7,2
"4042",6,2
"4043",6,2
"4044",5,3
"4045",7,2
"4046",6,1
"4047",6,1
"4048",6,2
"4049",6,2
"4050",5,2
"4051",5,2
"4052",5,2
"4053",5,2
"4054",6,3
"4055",6,2
"4056",5,2
"4057",5,1
"4058",5,3
"4059",6,3
"4060",5,3
"4061",5,1
"4062",6,1
"4063",5,2
"4064",5,1
"4065",5,1
"4066",5,3
"4067",5,1
"4068",7,3
"4069",5,3
"4070",5,2
"4071",7,2
"4072",5,2
"4073",5,3
"4074",6,3
"4075",5,2
"4076",5,3
"4077",6,1
"4078",7,2
"4079",5,3
"4080",5,1
"4081",6,1
"4082",6,2
"4083",5,1
"4084",5,1
"4085",6,2
"4086",5,3
"4087",5,2
"4088",5,2
"4089",5,2
"4090",5,2
"4091",5,2
"4092",6,2
"4093",5,3
"4094",5,2
"4095",6,1
"4096",5,3
"4097",5,2
"4098",6,1
"4099",6,2
"4100",5,1
"4101",5,2
"4102",5,2
"4103",6,2
"4104",5,1
"4105",7,1
"4106",5,2
"4107",6,1
"4108",6,2
"4109",5,3
"4110",5,2
"4111",5,2
"4112",6,1
"4113",5,2
"4114",6,1
"4115",6,2
"4116",6,1
"4117",6,1
"4118",7,1
"4119",5,3
"4120",5,2
"4121",7,2
"4122",5,1
"4123",5,3
"4124",6,1
"4125",5,3
"4126",5,3
"4127",7,2
"4128",5,1
"4129",5,1
"4130",5,3
"4131",7,1
"4132",5,2
"4133",6,2
"4134",5,3
"4135",5,1
"4136",7,2
"4137",5,2
"4138",5,3
"4139",6,3
"4140",5,1
"4141",5,3
"4142",6,2
"4143",6,1
